Continent,Country
Africa,Algeria
Africa,Angola
Africa,Benin
Africa,Botswana
Africa,Burkina Faso
Africa,Burundi
Africa,Cameroon
Africa,Cabo Verde
Africa,Central African Republic
Africa,Chad
Africa,Comoros
Africa,"Congo, Dem. Rep."
Africa,"Congo, Rep."
Africa,"Congo, Democratic Republic of"
Africa,Djibouti
Africa,"Egypt, Arab Rep."
Africa,Equatorial Guinea
Africa,Eritrea
Africa,Ethiopia
Africa,Gabon
Africa,"Gambia, The"
Africa,Ghana
Africa,Guinea
Africa,Guinea-Bissau
Africa,Cote d'Ivoire
Africa,Kenya
Africa,Lesotho
Africa,Liberia
Africa,Libya
Africa,Madagascar
Africa,Malawi
Africa,Mali
Africa,Mauritania
Africa,Mauritius
Africa,Morocco
Africa,Mozambique
Africa,Namibia
Africa,Niger
Africa,Nigeria
Africa,Rwanda
Africa,Sao Tome and Principe
Africa,Senegal
Africa,Seychelles
Africa,Sierra Leone
Africa,Somalia
Africa,South Africa
Africa,South Sudan
Africa,Sudan
Africa,Swaziland
Africa,Tanzania
Africa,Togo
Africa,Tunisia
Africa,Uganda
Africa,Zambia
Africa,Zimbabwe
Asia,Afghanistan
Asia,Bahrain
Asia,Bangladesh
Asia,Bhutan
Asia,Brunei Darussalam
Asia,Myanmar
Asia,Cambodia
Asia,China
Asia,Timor-Leste
Asia,"Hong Kong SAR, China"
Asia,India
Asia,Indonesia
Asia,"Iran, Islamic Rep."
Asia,Iraq
Asia,Israel
Asia,Japan
Asia,Jordan
Asia,Kazakhstan
Asia,"Korea, Dem. People’s Rep."
Asia,"Korea, Rep."
Asia,Kuwait
Asia,Kyrgyz Republic
Asia,Lao PDR
Asia,Lebanon
Asia,Malaysia
Asia,Maldives
Asia,"Macao SAR, China"
Asia,Mongolia
Asia,Nepal
Asia,Oman
Asia,Pakistan
Asia,Philippines
Asia,Qatar
Asia,Russian Federation
Asia,Saudi Arabia
Asia,Singapore
Asia,Sri Lanka
Asia,Syrian Arab Republic
Asia,Tajikistan
Asia,Thailand
Asia,Turkey
Asia,Turkmenistan
Asia,United Arab Emirates
Asia,Uzbekistan
Asia,Vietnam
Asia,"Yemen, Rep."
Europe,Albania
Europe,Andorra
Europe,Armenia
Europe,Austria
Europe,Azerbaijan
Europe,Belarus
Europe,Belgium
Europe,Bosnia and Herzegovina
Europe,Bulgaria
Europe,Croatia
Europe,Channel Islands
Europe,Cyprus
Europe,Czech Republic
Europe,Denmark
Europe,Estonia
Europe,Finland
Europe,Faroe Islands
Europe,France
Europe,Georgia
Europe,Germany
North America,Turks and Caicos Islands
Europe,Gibraltar
Europe,Greece
Europe,Hungary
Europe,Kosovo
Europe,Iceland
Europe,Ireland
Europe,Isle of Man
Europe,Italy
Europe,Latvia
Europe,Liechtenstein
Europe,Lithuania
Europe,Luxembourg
Europe,"Macedonia, FYR"
Europe,Malta
Europe,Moldova
Europe,Monaco
Europe,Montenegro
Europe,Netherlands
Europe,Norway
Europe,Poland
Europe,Portugal
Europe,Romania
Europe,San Marino
Europe,Serbia
Europe,Slovak Republic
Europe,Slovenia
Europe,Spain
Europe,Sweden
Europe,Switzerland
Europe,Ukraine
Europe,United Kingdom
Europe,Vatican City
North America,Aruba
North America,Antigua and Barbuda
North America,"Bahamas, The"
North America,Barbados
North America,Bermuda
North America,Belize
North America,Canada
North America,Cayman Islands
North America,Costa Rica
North America,Curacao
North America,Cuba
North America,Dominica
North America,Dominican Republic
North America,El Salvador
North America,Greenland
North America,Grenada
North America,Guatemala
North America,Haiti
North America,Honduras
North America,Jamaica
North America,Mexico
North America,Nicaragua
North America,Puerto Rico
North America,Panama
North America,St. Kitts and Nevis
North America,St. Martin (French part)
North America,St. Lucia
North America,St. Vincent and the Grenadines
North America,Trinidad and Tobago
North America,British Virgin Islands
North America,Virgin Islands (U.S.)
North America,United States
Oceania,Australia
Oceania,Fiji
Oceania,Kiribati
Oceania,Marshall Islands
Oceania,"Micronesia, Fed. Sts."
Oceania,Nauru
Oceania,Guam
Oceania,New Zealand
Oceania,Northern Mariana Islands
Oceania,French Polynesia
Oceania,Palau
Oceania,Papua New Guinea
Oceania,New Caledonia
Oceania,American Samoa
Oceania,Samoa
Oceania,Solomon Islands
Oceania,Tonga
Oceania,Tuvalu
Oceania,Vanuatu
South America,Argentina
South America,Bolivia
South America,Brazil
South America,Chile
South America,Colombia
South America,Ecuador
South America,Guyana
South America,Paraguay
South America,Peru
South America,Suriname
South America,Uruguay
South America,"Venezuela, RB"
nan,IDA & IBRD total
nan,Other small states
nan,Lower middle income
nan,Pacific island small states
nan,IDA blend
nan,East Asia & Pacific (excluding high income)
nan,East Asia & Pacific
nan,Upper middle income
nan,South Asia (IDA & IBRD)
nan,Latin America & the Caribbean (IDA & IBRD countries)
nan,Pre-demographic dividend
nan,Sub-Saharan Africa
nan,Latin America & Caribbean
nan,Middle East & North Africa
nan,Heavily indebted poor countries (HIPC)
nan,North America
nan,Caribbean small states
nan,World
nan,Post-demographic dividend
nan,Least developed countries: UN classification
nan,Middle East & North Africa (IDA & IBRD countries)
nan,IDA only
nan,Middle East & North Africa (excluding high income)
nan,Middle income
nan,Small states
nan,Low income
nan,Europe & Central Asia (IDA & IBRD countries)
nan,East Asia & Pacific (IDA & IBRD countries)
nan,IBRD only
nan,South Asia
nan,Sub-Saharan Africa (excluding high income)
nan,Latin America & Caribbean (excluding high income)
nan,Fragile and conflict affected situations
nan,High income
nan,Central Europe and the Baltics
nan,Europe & Central Asia
nan,Early-demographic dividend
nan,Arab World
nan,Europe & Central Asia (excluding high income)
nan,Low & middle income
nan,OECD members
nan,Euro area
nan,IDA total
nan,European Union
nan,Sub-Saharan Africa (IDA & IBRD countries)
nan,Late-demographic dividend
